"시작 시간","종료 시간","트랙","발표자","세션 제목"
"11:00","11:10","공통","Flutter Seoul","오프닝"
"11:10","11:40","공통","Craig Labenz & Khanh Nguyen / Google","Keynote: Flutter is Everywhere (ENG)"
"11:40","11:50","공통","","휴식"
"11:50","12:20","AI Track","박성수","천재 개발자와 그 이후"
"11:50","12:20","Flutter Track","이웅재","첫 프로젝트가 글로벌 앱 런칭이라구요?"
"12:20","13:00","공통","","네트워킹 런치"
"13:00","13:30","AI Track","권태형","llamadart로 시작하는 플러터 온디바이스 에이전트(feat: tool call parser)"
"13:00","13:30","Flutter Track","유동민","안 되는 건 안 된다고 말하는 플러그인: 알람 플러그인으로 본 capability-first federated plugin 설계"
"13:30","13:40","공통","","휴식"
"13:40","14:10","AI Track","한상욱","AI와 함께 스타트업에서 생존하기"
"13:40","14:10","Flutter Track","Khanh Nguyen / Google","Technical Session: A2UI: Build dynamic Flutter apps with Generative UI (ENG)"
"14:10","14:20","공통","","휴식"
"14:20","14:50","AI Track","김준호","AI가 개발자를 대체할까 걱정했는데, 1년 동안 같이 일해보니 일단 재밌습니다"
"14:20","14:50","Flutter Track","Mariam Hasnany / Google","Technical Session: Building the harness: How we grade and optimize AI for Dart & Flutter (ENG)"
"14:50","15:00","공통","","휴식"
"15:00","15:30","AI Track","박준우","Agent와 함께 Flutter 운영 프로젝트 일대기"
"15:00","15:30","Flutter Track","추세일","Flutter Desktop 멀티윈도우 개발기"
"15:30","15:40","공통","","휴식"
"15:40","16:10","AI Track","유진식","비전공 기계설계자가 AI를 활용해 SW를 개발해 온 과정과 경험"
"15:40","16:10","Flutter Track","박예승","Navigating Flutter: AI 시대, 우리는 왜 Engine을 이해해야 하는가"
"16:10","16:20","공통","","휴식"
"16:20","16:50","AI Track","가애KAAE","10년 차 개발자의 Flutter × AI: 패키지의 한계를 넘어서"
"16:20","16:50","Flutter Track","최선효","dart:ffi 네이티브 다루기"
"16:50","17:00","공통","","휴식"
"17:00","17:30","공통","Craig Labenz, Khanh Nguyen, & Mariam Hasnany / Google","Q&A Panel: Ask the Flutter Core Team & Fireside Chat (ENG)"
"17:30","18:00","공통","","단체 사진"
